{"schemaVersion":"1.0","appDefinitionTemplate":{"id":"/providers/Microsoft.PowerApps/apps/","type":"Microsoft.PowerApps/apps","tags":{"primaryDeviceWidth":"1919","primaryDeviceHeight":"844","supportsPortrait":"true","supportsLandscape":"true","primaryFormFactor":"Tablet","publisherVersion":"3.22094.17","minimumRequiredApiVersion":"2.2.0","hasComponent":"true","hasUnlockedComponent":"true","isUnifiedRootApp":"false","sienaVersion":"20221008T043638Z-3.22094.17.0"},"properties":{"appVersion":"2022-10-08T04:36:38Z","lifeCycleId":"Published","createdByClientVersion":{"major":3,"minor":22094,"build":17,"revision":0,"majorRevision":0,"minorRevision":0},"minClientVersion":{"major":3,"minor":22094,"build":17,"revision":0,"majorRevision":0,"minorRevision":0},"backgroundColor":"white","backgroundImageUri":"/10681775622128380775/N8eddd5aa-1af3-4487-bae8-a545e9bcdc27-logoSmallFile","displayName":"power-apps-feedback-dialog","description":"","commitMessage":"","appUris":{"documentUri":{"value":"/10681775622128380775/Ne176e642-ffda-47d8-a51f-c0f33a7a7da3-document.msapp"},"imageUris":[],"additionalUris":[]},"createdTime":"0001-01-01T00:00:00Z","lastModifiedTime":"0001-01-01T00:00:00Z","sharedGroupsCount":0,"sharedUsersCount":0,"icons":{"smallIconUri":"/10681775622128380775/N3b2f35f1-8400-4a90-b9a0-5b60ac318d01-small.png","mediumIconUri":"/10681775622128380775/Nf225177d-3969-48aa-8115-e2b1ad149e6a-medium.png","largeIconUri":"/10681775622128380775/N54d46537-ae01-43cf-bdeb-dbc0a90dfe8b-large.png","wideIconUri":"/10681775622128380775/Nbf10d1c0-c5d5-4765-8712-de5a37e0a072-wide.png"},"connectionReferences":{"3cc35cca-53eb-4c3f-98b6-0a1b14e9e3c4":{"id":"6aacc742-de26-4652-adf2-79f49f60f69d","displayName":"Office 365 Users","iconUri":"https://connectoricons-prod.azureedge.net/releases/v1.0.1593/1.0.1593.2980/office365users/icon.png","dataSources":["Office365Users"],"dependencies":[],"dependents":[],"parameterHints":{},"parameterHintsV2":{},"isOnPremiseConnection":false,"bypassConsent":false,"dataSets":{},"apiTier":"Standard","isCustomApiConnection":false}},"databaseReferences":{},"almMode":"Environment","performanceOptimizationEnabled":true,"canConsumeAppPass":true,"enableModernRuntimeMode":false,"executionRestrictions":{"isTeamsOnly":false,"dataLossPreventionEvaluationResult":{"status":"Compliant","lastEvaluationDate":"2022-10-06T09:29:14.8774069Z","violations":[],"violationsByPolicy":[],"violationErrorMessage":"The app uses the following connectors: ."}}},"appType":"ClassicCanvasApp","appComponents":[]}}